./benchmark_tests/afterhqspre/PEC2/pec_adder_n_bit_1_19.dqdimacs,4,511,158
./benchmark_tests/afterhqspre/PEC2/pec_adder_n_bit_1_19.dqdimacs,5,511,158
./benchmark_tests/afterhqspre/PEC2/pec_adder_n_bit_1_19.dqdimacs,9,511,158
./benchmark_tests/afterhqspre/PEC2/pec_adder_n_bit_1_19.dqdimacs,10,511,158
./benchmark_tests/afterhqspre/PEC2/pec_adder_n_bit_1_19.dqdimacs,11,511,158
./benchmark_tests/afterhqspre/PEC2/pec_adder_n_bit_1_19.dqdimacs,15,511,158
./benchmark_tests/afterhqspre/PEC2/pec_adder_n_bit_1_19.dqdimacs,16,511,158
./benchmark_tests/afterhqspre/PEC2/pec_adder_n_bit_1_19.dqdimacs,17,511,158
./benchmark_tests/afterhqspre/PEC2/pec_adder_n_bit_1_19.dqdimacs,19,511,158
./benchmark_tests/afterhqspre/PEC2/pec_adder_n_bit_1_19.dqdimacs,20,511,158
./benchmark_tests/afterhqspre/PEC2/pec_adder_n_bit_1_19.dqdimacs,21,511,158
./benchmark_tests/afterhqspre/PEC2/pec_adder_n_bit_1_19.dqdimacs,22,511,158
./benchmark_tests/afterhqspre/PEC2/pec_adder_n_bit_1_19.dqdimacs,23,511,158
./benchmark_tests/afterhqspre/PEC2/pec_adder_n_bit_1_19.dqdimacs,27,511,158
./benchmark_tests/afterhqspre/PEC2/pec_adder_n_bit_1_19.dqdimacs,28,511,158
./benchmark_tests/afterhqspre/PEC2/pec_adder_n_bit_1_19.dqdimacs,29,511,158
./benchmark_tests/afterhqspre/PEC2/pec_adder_n_bit_1_19.dqdimacs,31,511,158
./benchmark_tests/afterhqspre/PEC2/pec_adder_n_bit_1_19.dqdimacs,32,511,158
./benchmark_tests/afterhqspre/PEC2/pec_adder_n_bit_1_19.dqdimacs,33,511,158
./benchmark_tests/afterhqspre/PEC2/pec_adder_n_bit_1_19.dqdimacs,34,511,158
./benchmark_tests/afterhqspre/PEC2/pec_adder_n_bit_1_19.dqdimacs,35,511,158
./benchmark_tests/afterhqspre/PEC2/pec_adder_n_bit_1_19.dqdimacs,36,511,158
./benchmark_tests/afterhqspre/PEC2/pec_adder_n_bit_1_19.dqdimacs,40,511,158
./benchmark_tests/afterhqspre/PEC2/pec_adder_n_bit_1_19.dqdimacs,41,511,158
./benchmark_tests/afterhqspre/PEC2/pec_adder_n_bit_1_19.dqdimacs,42,511,158
./benchmark_tests/afterhqspre/PEC2/pec_adder_n_bit_1_19.dqdimacs,44,511,158
./benchmark_tests/afterhqspre/PEC2/pec_adder_n_bit_1_19.dqdimacs,45,511,158
./benchmark_tests/afterhqspre/PEC2/pec_adder_n_bit_1_19.dqdimacs,46,511,158
./benchmark_tests/afterhqspre/PEC2/pec_adder_n_bit_1_19.dqdimacs,47,511,158
./benchmark_tests/afterhqspre/PEC2/pec_adder_n_bit_1_19.dqdimacs,48,511,158
./benchmark_tests/afterhqspre/PEC2/pec_adder_n_bit_1_19.dqdimacs,52,511,158
./benchmark_tests/afterhqspre/PEC2/pec_adder_n_bit_1_19.dqdimacs,53,511,158
./benchmark_tests/afterhqspre/PEC2/pec_adder_n_bit_1_19.dqdimacs,54,511,158
./benchmark_tests/afterhqspre/PEC2/pec_adder_n_bit_1_19.dqdimacs,56,511,158
./benchmark_tests/afterhqspre/PEC2/pec_adder_n_bit_1_19.dqdimacs,57,511,158
./benchmark_tests/afterhqspre/PEC2/pec_adder_n_bit_1_19.dqdimacs,58,511,158
./benchmark_tests/afterhqspre/PEC2/pec_adder_n_bit_1_19.dqdimacs,59,511,158
./benchmark_tests/afterhqspre/PEC2/pec_adder_n_bit_1_19.dqdimacs,60,511,158
./benchmark_tests/afterhqspre/PEC2/pec_adder_n_bit_1_19.dqdimacs,64,511,158
./benchmark_tests/afterhqspre/PEC2/pec_adder_n_bit_1_19.dqdimacs,65,511,158
./benchmark_tests/afterhqspre/PEC2/pec_adder_n_bit_1_19.dqdimacs,66,511,158
./benchmark_tests/afterhqspre/PEC2/pec_adder_n_bit_1_19.dqdimacs,68,511,158
./benchmark_tests/afterhqspre/PEC2/pec_adder_n_bit_1_19.dqdimacs,69,511,158
./benchmark_tests/afterhqspre/PEC2/pec_adder_n_bit_1_19.dqdimacs,73,511,158
./benchmark_tests/afterhqspre/PEC2/pec_adder_n_bit_1_19.dqdimacs,75,511,158
./benchmark_tests/afterhqspre/PEC2/pec_adder_n_bit_1_19.dqdimacs,76,511,158
./benchmark_tests/afterhqspre/PEC2/pec_adder_n_bit_1_19.dqdimacs,77,511,158
./benchmark_tests/afterhqspre/PEC2/pec_adder_n_bit_1_19.dqdimacs,78,511,158
./benchmark_tests/afterhqspre/PEC2/pec_adder_n_bit_1_19.dqdimacs,82,511,158
./benchmark_tests/afterhqspre/PEC2/pec_adder_n_bit_1_19.dqdimacs,83,511,158
./benchmark_tests/afterhqspre/PEC2/pec_adder_n_bit_1_19.dqdimacs,85,511,158
./benchmark_tests/afterhqspre/PEC2/pec_adder_n_bit_1_19.dqdimacs,86,511,158
./benchmark_tests/afterhqspre/PEC2/pec_adder_n_bit_1_19.dqdimacs,87,511,158
./benchmark_tests/afterhqspre/PEC2/pec_adder_n_bit_1_19.dqdimacs,88,511,158
./benchmark_tests/afterhqspre/PEC2/pec_adder_n_bit_1_19.dqdimacs,92,511,158
./benchmark_tests/afterhqspre/PEC2/pec_adder_n_bit_1_19.dqdimacs,93,511,158
./benchmark_tests/afterhqspre/PEC2/pec_adder_n_bit_1_19.dqdimacs,95,511,158
./benchmark_tests/afterhqspre/PEC2/pec_adder_n_bit_1_19.dqdimacs,96,511,158
./benchmark_tests/afterhqspre/PEC2/pec_adder_n_bit_1_19.dqdimacs,97,511,158
./benchmark_tests/afterhqspre/PEC2/pec_adder_n_bit_1_19.dqdimacs,98,511,158
./benchmark_tests/afterhqspre/PEC2/pec_adder_n_bit_1_19.dqdimacs,102,511,158
./benchmark_tests/afterhqspre/PEC2/pec_adder_n_bit_1_19.dqdimacs,103,511,158
./benchmark_tests/afterhqspre/PEC2/pec_adder_n_bit_1_19.dqdimacs,105,511,158
./benchmark_tests/afterhqspre/PEC2/pec_adder_n_bit_1_19.dqdimacs,106,511,158
./benchmark_tests/afterhqspre/PEC2/pec_adder_n_bit_1_19.dqdimacs,107,511,158
./benchmark_tests/afterhqspre/PEC2/pec_adder_n_bit_1_19.dqdimacs,108,511,158
./benchmark_tests/afterhqspre/PEC2/pec_adder_n_bit_1_19.dqdimacs,112,511,158
./benchmark_tests/afterhqspre/PEC2/pec_adder_n_bit_1_19.dqdimacs,113,511,158
./benchmark_tests/afterhqspre/PEC2/pec_adder_n_bit_1_19.dqdimacs,115,511,158
./benchmark_tests/afterhqspre/PEC2/pec_adder_n_bit_1_19.dqdimacs,116,511,158
./benchmark_tests/afterhqspre/PEC2/pec_adder_n_bit_1_19.dqdimacs,117,511,158
./benchmark_tests/afterhqspre/PEC2/pec_adder_n_bit_1_19.dqdimacs,121,511,158
./benchmark_tests/afterhqspre/PEC2/pec_adder_n_bit_1_19.dqdimacs,122,511,158
./benchmark_tests/afterhqspre/PEC2/pec_adder_n_bit_1_19.dqdimacs,123,511,158
./benchmark_tests/afterhqspre/PEC2/pec_adder_n_bit_1_19.dqdimacs,125,511,158
./benchmark_tests/afterhqspre/PEC2/pec_adder_n_bit_1_19.dqdimacs,126,511,158
./benchmark_tests/afterhqspre/PEC2/pec_adder_n_bit_1_19.dqdimacs,127,511,158
./benchmark_tests/afterhqspre/PEC2/pec_adder_n_bit_1_19.dqdimacs,131,511,158
./benchmark_tests/afterhqspre/PEC2/pec_adder_n_bit_1_19.dqdimacs,132,511,158
./benchmark_tests/afterhqspre/PEC2/pec_adder_n_bit_1_19.dqdimacs,133,511,158
./benchmark_tests/afterhqspre/PEC2/pec_adder_n_bit_1_19.dqdimacs,135,511,158
./benchmark_tests/afterhqspre/PEC2/pec_adder_n_bit_1_19.dqdimacs,136,511,158
./benchmark_tests/afterhqspre/PEC2/pec_adder_n_bit_1_19.dqdimacs,137,511,158
./benchmark_tests/afterhqspre/PEC2/pec_adder_n_bit_1_19.dqdimacs,141,511,158
./benchmark_tests/afterhqspre/PEC2/pec_adder_n_bit_1_19.dqdimacs,142,511,158
./benchmark_tests/afterhqspre/PEC2/pec_adder_n_bit_1_19.dqdimacs,144,511,158
./benchmark_tests/afterhqspre/PEC2/pec_adder_n_bit_1_19.dqdimacs,145,511,158
./benchmark_tests/afterhqspre/PEC2/pec_adder_n_bit_1_19.dqdimacs,146,511,158
./benchmark_tests/afterhqspre/PEC2/pec_adder_n_bit_1_19.dqdimacs,147,511,158
./benchmark_tests/afterhqspre/PEC2/pec_adder_n_bit_1_19.dqdimacs,151,511,158
./benchmark_tests/afterhqspre/PEC2/pec_adder_n_bit_1_19.dqdimacs,153,511,158
./benchmark_tests/afterhqspre/PEC2/pec_adder_n_bit_1_19.dqdimacs,154,511,158
./benchmark_tests/afterhqspre/PEC2/pec_adder_n_bit_1_19.dqdimacs,158,511,158
./benchmark_tests/afterhqspre/PEC2/pec_adder_n_bit_1_19.dqdimacs,159,511,158
./benchmark_tests/afterhqspre/PEC2/pec_adder_n_bit_1_19.dqdimacs,161,511,158
./benchmark_tests/afterhqspre/PEC2/pec_adder_n_bit_1_19.dqdimacs,162,511,158
./benchmark_tests/afterhqspre/PEC2/pec_adder_n_bit_1_19.dqdimacs,163,511,158
./benchmark_tests/afterhqspre/PEC2/pec_adder_n_bit_1_19.dqdimacs,167,511,158
./benchmark_tests/afterhqspre/PEC2/pec_adder_n_bit_1_19.dqdimacs,168,511,158
./benchmark_tests/afterhqspre/PEC2/pec_adder_n_bit_1_19.dqdimacs,169,511,158
./benchmark_tests/afterhqspre/PEC2/pec_adder_n_bit_1_19.dqdimacs,171,511,158
./benchmark_tests/afterhqspre/PEC2/pec_adder_n_bit_1_19.dqdimacs,172,511,158
./benchmark_tests/afterhqspre/PEC2/pec_adder_n_bit_1_19.dqdimacs,173,511,158
./benchmark_tests/afterhqspre/PEC2/pec_adder_n_bit_1_19.dqdimacs,177,511,158
./benchmark_tests/afterhqspre/PEC2/pec_adder_n_bit_1_19.dqdimacs,178,511,158
./benchmark_tests/afterhqspre/PEC2/pec_adder_n_bit_1_19.dqdimacs,179,511,158
./benchmark_tests/afterhqspre/PEC2/pec_adder_n_bit_1_19.dqdimacs,181,511,158
./benchmark_tests/afterhqspre/PEC2/pec_adder_n_bit_1_19.dqdimacs,182,511,158
./benchmark_tests/afterhqspre/PEC2/pec_adder_n_bit_1_19.dqdimacs,186,511,158
./benchmark_tests/afterhqspre/PEC2/pec_adder_n_bit_1_19.dqdimacs,187,511,158
./benchmark_tests/afterhqspre/PEC2/pec_adder_n_bit_1_19.dqdimacs,189,511,158
./benchmark_tests/afterhqspre/PEC2/pec_adder_n_bit_1_19.dqdimacs,190,511,158
./benchmark_tests/afterhqspre/PEC2/pec_adder_n_bit_1_19.dqdimacs,194,511,158
./benchmark_tests/afterhqspre/PEC2/pec_adder_n_bit_1_19.dqdimacs,195,511,158
./benchmark_tests/afterhqspre/PEC2/pec_adder_n_bit_1_19.dqdimacs,196,511,158
./benchmark_tests/afterhqspre/PEC2/pec_adder_n_bit_1_19.dqdimacs,197,511,158
./benchmark_tests/afterhqspre/PEC2/pec_adder_n_bit_1_19.dqdimacs,199,511,158
./benchmark_tests/afterhqspre/PEC2/pec_adder_n_bit_1_19.dqdimacs,200,511,158
./benchmark_tests/afterhqspre/PEC2/pec_adder_n_bit_1_19.dqdimacs,201,511,158
./benchmark_tests/afterhqspre/PEC2/pec_adder_n_bit_1_19.dqdimacs,205,511,158
./benchmark_tests/afterhqspre/PEC2/pec_adder_n_bit_1_19.dqdimacs,206,511,158
./benchmark_tests/afterhqspre/PEC2/pec_adder_n_bit_1_19.dqdimacs,208,511,158
./benchmark_tests/afterhqspre/PEC2/pec_adder_n_bit_1_19.dqdimacs,209,511,158
./benchmark_tests/afterhqspre/PEC2/pec_adder_n_bit_1_19.dqdimacs,210,511,158
./benchmark_tests/afterhqspre/PEC2/pec_adder_n_bit_1_19.dqdimacs,214,511,158
./benchmark_tests/afterhqspre/PEC2/pec_adder_n_bit_1_19.dqdimacs,215,511,158
./benchmark_tests/afterhqspre/PEC2/pec_adder_n_bit_1_19.dqdimacs,217,511,158
./benchmark_tests/afterhqspre/PEC2/pec_adder_n_bit_1_19.dqdimacs,218,511,158
./benchmark_tests/afterhqspre/PEC2/pec_adder_n_bit_1_19.dqdimacs,219,511,158
./benchmark_tests/afterhqspre/PEC2/pec_adder_n_bit_1_19.dqdimacs,223,511,158
./benchmark_tests/afterhqspre/PEC2/pec_adder_n_bit_1_19.dqdimacs,224,511,158
./benchmark_tests/afterhqspre/PEC2/pec_adder_n_bit_1_19.dqdimacs,226,511,158
./benchmark_tests/afterhqspre/PEC2/pec_adder_n_bit_1_19.dqdimacs,227,511,158
./benchmark_tests/afterhqspre/PEC2/pec_adder_n_bit_1_19.dqdimacs,228,511,158
./benchmark_tests/afterhqspre/PEC2/pec_adder_n_bit_1_19.dqdimacs,229,511,158
./benchmark_tests/afterhqspre/PEC2/pec_adder_n_bit_1_19.dqdimacs,230,511,158
./benchmark_tests/afterhqspre/PEC2/pec_adder_n_bit_1_19.dqdimacs,234,511,158
./benchmark_tests/afterhqspre/PEC2/pec_adder_n_bit_1_19.dqdimacs,235,511,158
./benchmark_tests/afterhqspre/PEC2/pec_adder_n_bit_1_19.dqdimacs,237,511,158
./benchmark_tests/afterhqspre/PEC2/pec_adder_n_bit_1_19.dqdimacs,238,511,158
./benchmark_tests/afterhqspre/PEC2/pec_adder_n_bit_1_19.dqdimacs,239,511,158
./benchmark_tests/afterhqspre/PEC2/pec_adder_n_bit_1_19.dqdimacs,240,511,158
./benchmark_tests/afterhqspre/PEC2/pec_adder_n_bit_1_19.dqdimacs,244,511,158
./benchmark_tests/afterhqspre/PEC2/pec_adder_n_bit_1_19.dqdimacs,245,511,158
./benchmark_tests/afterhqspre/PEC2/pec_adder_n_bit_1_19.dqdimacs,246,511,158
./benchmark_tests/afterhqspre/PEC2/pec_adder_n_bit_1_19.dqdimacs,248,511,158
./benchmark_tests/afterhqspre/PEC2/pec_adder_n_bit_1_19.dqdimacs,249,511,158
./benchmark_tests/afterhqspre/PEC2/pec_adder_n_bit_1_19.dqdimacs,250,511,158
./benchmark_tests/afterhqspre/PEC2/pec_adder_n_bit_1_19.dqdimacs,254,511,158
./benchmark_tests/afterhqspre/PEC2/pec_adder_n_bit_1_19.dqdimacs,255,511,158
./benchmark_tests/afterhqspre/PEC2/pec_adder_n_bit_1_19.dqdimacs,256,511,158
./benchmark_tests/afterhqspre/PEC2/pec_adder_n_bit_1_19.dqdimacs,258,511,158
./benchmark_tests/afterhqspre/PEC2/pec_adder_n_bit_1_19.dqdimacs,259,511,158
./benchmark_tests/afterhqspre/PEC2/pec_adder_n_bit_1_19.dqdimacs,260,511,158
./benchmark_tests/afterhqspre/PEC2/pec_adder_n_bit_1_19.dqdimacs,261,511,158
./benchmark_tests/afterhqspre/PEC2/pec_adder_n_bit_1_19.dqdimacs,265,511,158
./benchmark_tests/afterhqspre/PEC2/pec_adder_n_bit_1_19.dqdimacs,266,511,158
./benchmark_tests/afterhqspre/PEC2/pec_adder_n_bit_1_19.dqdimacs,268,511,158
./benchmark_tests/afterhqspre/PEC2/pec_adder_n_bit_1_19.dqdimacs,269,511,158
./benchmark_tests/afterhqspre/PEC2/pec_adder_n_bit_1_19.dqdimacs,273,511,158
./benchmark_tests/afterhqspre/PEC2/pec_adder_n_bit_1_19.dqdimacs,274,511,158
./benchmark_tests/afterhqspre/PEC2/pec_adder_n_bit_1_19.dqdimacs,275,511,158
./benchmark_tests/afterhqspre/PEC2/pec_adder_n_bit_1_19.dqdimacs,277,511,158
./benchmark_tests/afterhqspre/PEC2/pec_adder_n_bit_1_19.dqdimacs,278,511,158
./benchmark_tests/afterhqspre/PEC2/pec_adder_n_bit_1_19.dqdimacs,279,511,158
./benchmark_tests/afterhqspre/PEC2/pec_adder_n_bit_1_19.dqdimacs,283,511,158
./benchmark_tests/afterhqspre/PEC2/pec_adder_n_bit_1_19.dqdimacs,284,511,158
./benchmark_tests/afterhqspre/PEC2/pec_adder_n_bit_1_19.dqdimacs,285,511,158
./benchmark_tests/afterhqspre/PEC2/pec_adder_n_bit_1_19.dqdimacs,287,511,158
./benchmark_tests/afterhqspre/PEC2/pec_adder_n_bit_1_19.dqdimacs,288,511,158
./benchmark_tests/afterhqspre/PEC2/pec_adder_n_bit_1_19.dqdimacs,289,511,158
./benchmark_tests/afterhqspre/PEC2/pec_adder_n_bit_1_19.dqdimacs,290,511,158
./benchmark_tests/afterhqspre/PEC2/pec_adder_n_bit_1_19.dqdimacs,291,511,158
./benchmark_tests/afterhqspre/PEC2/pec_adder_n_bit_1_19.dqdimacs,295,511,158
./benchmark_tests/afterhqspre/PEC2/pec_adder_n_bit_1_19.dqdimacs,296,511,158
./benchmark_tests/afterhqspre/PEC2/pec_adder_n_bit_1_19.dqdimacs,298,511,158
./benchmark_tests/afterhqspre/PEC2/pec_adder_n_bit_1_19.dqdimacs,299,511,158
./benchmark_tests/afterhqspre/PEC2/pec_adder_n_bit_1_19.dqdimacs,303,511,158
./benchmark_tests/afterhqspre/PEC2/pec_adder_n_bit_1_19.dqdimacs,304,511,158
./benchmark_tests/afterhqspre/PEC2/pec_adder_n_bit_1_19.dqdimacs,305,511,158
./benchmark_tests/afterhqspre/PEC2/pec_adder_n_bit_1_19.dqdimacs,307,511,158
./benchmark_tests/afterhqspre/PEC2/pec_adder_n_bit_1_19.dqdimacs,308,511,158
./benchmark_tests/afterhqspre/PEC2/pec_adder_n_bit_1_19.dqdimacs,309,511,158
./benchmark_tests/afterhqspre/PEC2/pec_adder_n_bit_1_19.dqdimacs,311,511,158
./benchmark_tests/afterhqspre/PEC2/pec_adder_n_bit_1_19.dqdimacs,313,511,158
./benchmark_tests/afterhqspre/PEC2/pec_adder_n_bit_1_19.dqdimacs,314,511,158
./benchmark_tests/afterhqspre/PEC2/pec_adder_n_bit_1_19.dqdimacs,316,511,158
./benchmark_tests/afterhqspre/PEC2/pec_adder_n_bit_1_19.dqdimacs,317,511,158
./benchmark_tests/afterhqspre/PEC2/pec_adder_n_bit_1_19.dqdimacs,319,511,158
./benchmark_tests/afterhqspre/PEC2/pec_adder_n_bit_1_19.dqdimacs,320,511,158
./benchmark_tests/afterhqspre/PEC2/pec_adder_n_bit_1_19.dqdimacs,321,511,158
./benchmark_tests/afterhqspre/PEC2/pec_adder_n_bit_1_19.dqdimacs,324,511,158
./benchmark_tests/afterhqspre/PEC2/pec_adder_n_bit_1_19.dqdimacs,325,511,158
./benchmark_tests/afterhqspre/PEC2/pec_adder_n_bit_1_19.dqdimacs,326,511,158
./benchmark_tests/afterhqspre/PEC2/pec_adder_n_bit_1_19.dqdimacs,327,511,158
./benchmark_tests/afterhqspre/PEC2/pec_adder_n_bit_1_19.dqdimacs,329,511,158
./benchmark_tests/afterhqspre/PEC2/pec_adder_n_bit_1_19.dqdimacs,330,511,158
./benchmark_tests/afterhqspre/PEC2/pec_adder_n_bit_1_19.dqdimacs,331,511,158
./benchmark_tests/afterhqspre/PEC2/pec_adder_n_bit_1_19.dqdimacs,332,511,158
./benchmark_tests/afterhqspre/PEC2/pec_adder_n_bit_1_19.dqdimacs,334,511,158
./benchmark_tests/afterhqspre/PEC2/pec_adder_n_bit_1_19.dqdimacs,335,511,158
./benchmark_tests/afterhqspre/PEC2/pec_adder_n_bit_1_19.dqdimacs,336,511,158
./benchmark_tests/afterhqspre/PEC2/pec_adder_n_bit_1_19.dqdimacs,337,511,158
./benchmark_tests/afterhqspre/PEC2/pec_adder_n_bit_1_19.dqdimacs,339,511,158
./benchmark_tests/afterhqspre/PEC2/pec_adder_n_bit_1_19.dqdimacs,340,511,158
./benchmark_tests/afterhqspre/PEC2/pec_adder_n_bit_1_19.dqdimacs,341,511,158
./benchmark_tests/afterhqspre/PEC2/pec_adder_n_bit_1_19.dqdimacs,343,511,158
./benchmark_tests/afterhqspre/PEC2/pec_adder_n_bit_1_19.dqdimacs,344,511,158
./benchmark_tests/afterhqspre/PEC2/pec_adder_n_bit_1_19.dqdimacs,345,511,158
./benchmark_tests/afterhqspre/PEC2/pec_adder_n_bit_1_19.dqdimacs,347,511,158
./benchmark_tests/afterhqspre/PEC2/pec_adder_n_bit_1_19.dqdimacs,348,511,158
./benchmark_tests/afterhqspre/PEC2/pec_adder_n_bit_1_19.dqdimacs,350,511,158
./benchmark_tests/afterhqspre/PEC2/pec_adder_n_bit_1_19.dqdimacs,351,511,158
./benchmark_tests/afterhqspre/PEC2/pec_adder_n_bit_1_19.dqdimacs,353,511,158
./benchmark_tests/afterhqspre/PEC2/pec_adder_n_bit_1_19.dqdimacs,355,511,158
./benchmark_tests/afterhqspre/PEC2/pec_adder_n_bit_1_19.dqdimacs,356,511,158
./benchmark_tests/afterhqspre/PEC2/pec_adder_n_bit_1_19.dqdimacs,358,511,158
./benchmark_tests/afterhqspre/PEC2/pec_adder_n_bit_1_19.dqdimacs,359,511,158
./benchmark_tests/afterhqspre/PEC2/pec_adder_n_bit_1_19.dqdimacs,361,511,158
./benchmark_tests/afterhqspre/PEC2/pec_adder_n_bit_1_19.dqdimacs,362,511,158
./benchmark_tests/afterhqspre/PEC2/pec_adder_n_bit_1_19.dqdimacs,363,511,158
./benchmark_tests/afterhqspre/PEC2/pec_adder_n_bit_1_19.dqdimacs,365,511,158
./benchmark_tests/afterhqspre/PEC2/pec_adder_n_bit_1_19.dqdimacs,366,511,158
./benchmark_tests/afterhqspre/PEC2/pec_adder_n_bit_1_19.dqdimacs,368,511,158
./benchmark_tests/afterhqspre/PEC2/pec_adder_n_bit_1_19.dqdimacs,369,511,158
./benchmark_tests/afterhqspre/PEC2/pec_adder_n_bit_1_19.dqdimacs,371,511,158
./benchmark_tests/afterhqspre/PEC2/pec_adder_n_bit_1_19.dqdimacs,373,511,158
./benchmark_tests/afterhqspre/PEC2/pec_adder_n_bit_1_19.dqdimacs,374,511,158
./benchmark_tests/afterhqspre/PEC2/pec_adder_n_bit_1_19.dqdimacs,375,511,158
./benchmark_tests/afterhqspre/PEC2/pec_adder_n_bit_1_19.dqdimacs,377,511,158
./benchmark_tests/afterhqspre/PEC2/pec_adder_n_bit_1_19.dqdimacs,378,511,158
./benchmark_tests/afterhqspre/PEC2/pec_adder_n_bit_1_19.dqdimacs,380,511,158
./benchmark_tests/afterhqspre/PEC2/pec_adder_n_bit_1_19.dqdimacs,381,511,158
./benchmark_tests/afterhqspre/PEC2/pec_adder_n_bit_1_19.dqdimacs,383,511,158
./benchmark_tests/afterhqspre/PEC2/pec_adder_n_bit_1_19.dqdimacs,385,511,158
./benchmark_tests/afterhqspre/PEC2/pec_adder_n_bit_1_19.dqdimacs,386,511,158
./benchmark_tests/afterhqspre/PEC2/pec_adder_n_bit_1_19.dqdimacs,387,511,158
./benchmark_tests/afterhqspre/PEC2/pec_adder_n_bit_1_19.dqdimacs,388,511,158
./benchmark_tests/afterhqspre/PEC2/pec_adder_n_bit_1_19.dqdimacs,390,511,158
./benchmark_tests/afterhqspre/PEC2/pec_adder_n_bit_1_19.dqdimacs,391,511,158
./benchmark_tests/afterhqspre/PEC2/pec_adder_n_bit_1_19.dqdimacs,393,511,158
./benchmark_tests/afterhqspre/PEC2/pec_adder_n_bit_1_19.dqdimacs,394,511,158
./benchmark_tests/afterhqspre/PEC2/pec_adder_n_bit_1_19.dqdimacs,395,511,158
./benchmark_tests/afterhqspre/PEC2/pec_adder_n_bit_1_19.dqdimacs,397,511,158
./benchmark_tests/afterhqspre/PEC2/pec_adder_n_bit_1_19.dqdimacs,398,511,158
./benchmark_tests/afterhqspre/PEC2/pec_adder_n_bit_1_19.dqdimacs,399,511,158
./benchmark_tests/afterhqspre/PEC2/pec_adder_n_bit_1_19.dqdimacs,401,511,158
./benchmark_tests/afterhqspre/PEC2/pec_adder_n_bit_1_19.dqdimacs,402,511,158
./benchmark_tests/afterhqspre/PEC2/pec_adder_n_bit_1_19.dqdimacs,403,511,158
./benchmark_tests/afterhqspre/PEC2/pec_adder_n_bit_1_19.dqdimacs,404,511,158
./benchmark_tests/afterhqspre/PEC2/pec_adder_n_bit_1_19.dqdimacs,406,511,158
./benchmark_tests/afterhqspre/PEC2/pec_adder_n_bit_1_19.dqdimacs,407,511,158
./benchmark_tests/afterhqspre/PEC2/pec_adder_n_bit_1_19.dqdimacs,409,511,158
./benchmark_tests/afterhqspre/PEC2/pec_adder_n_bit_1_19.dqdimacs,411,511,158
./benchmark_tests/afterhqspre/PEC2/pec_adder_n_bit_1_19.dqdimacs,412,511,158
./benchmark_tests/afterhqspre/PEC2/pec_adder_n_bit_1_19.dqdimacs,414,511,158
./benchmark_tests/afterhqspre/PEC2/pec_adder_n_bit_1_19.dqdimacs,415,511,158
./benchmark_tests/afterhqspre/PEC2/pec_adder_n_bit_1_19.dqdimacs,416,511,158
./benchmark_tests/afterhqspre/PEC2/pec_adder_n_bit_1_19.dqdimacs,417,511,158
./benchmark_tests/afterhqspre/PEC2/pec_adder_n_bit_1_19.dqdimacs,419,511,158
./benchmark_tests/afterhqspre/PEC2/pec_adder_n_bit_1_19.dqdimacs,420,511,158
./benchmark_tests/afterhqspre/PEC2/pec_adder_n_bit_1_19.dqdimacs,421,511,158
./benchmark_tests/afterhqspre/PEC2/pec_adder_n_bit_1_19.dqdimacs,423,511,158
./benchmark_tests/afterhqspre/PEC2/pec_adder_n_bit_1_19.dqdimacs,424,511,158
./benchmark_tests/afterhqspre/PEC2/pec_adder_n_bit_1_19.dqdimacs,425,511,158
./benchmark_tests/afterhqspre/PEC2/pec_adder_n_bit_1_19.dqdimacs,426,511,158
./benchmark_tests/afterhqspre/PEC2/pec_adder_n_bit_1_19.dqdimacs,427,511,158
./benchmark_tests/afterhqspre/PEC2/pec_adder_n_bit_1_19.dqdimacs,429,511,158
./benchmark_tests/afterhqspre/PEC2/pec_adder_n_bit_1_19.dqdimacs,430,511,158
./benchmark_tests/afterhqspre/PEC2/pec_adder_n_bit_1_19.dqdimacs,431,511,158
./benchmark_tests/afterhqspre/PEC2/pec_adder_n_bit_1_19.dqdimacs,433,511,158
./benchmark_tests/afterhqspre/PEC2/pec_adder_n_bit_1_19.dqdimacs,434,511,158
./benchmark_tests/afterhqspre/PEC2/pec_adder_n_bit_1_19.dqdimacs,435,511,158
./benchmark_tests/afterhqspre/PEC2/pec_adder_n_bit_1_19.dqdimacs,436,511,158
./benchmark_tests/afterhqspre/PEC2/pec_adder_n_bit_1_19.dqdimacs,437,511,158
./benchmark_tests/afterhqspre/PEC2/pec_adder_n_bit_1_19.dqdimacs,439,511,158
./benchmark_tests/afterhqspre/PEC2/pec_adder_n_bit_1_19.dqdimacs,440,511,158
./benchmark_tests/afterhqspre/PEC2/pec_adder_n_bit_1_19.dqdimacs,441,511,158
./benchmark_tests/afterhqspre/PEC2/pec_adder_n_bit_1_19.dqdimacs,443,511,158
./benchmark_tests/afterhqspre/PEC2/pec_adder_n_bit_1_19.dqdimacs,444,511,158
./benchmark_tests/afterhqspre/PEC2/pec_adder_n_bit_1_19.dqdimacs,445,511,158
./benchmark_tests/afterhqspre/PEC2/pec_adder_n_bit_1_19.dqdimacs,446,511,158
./benchmark_tests/afterhqspre/PEC2/pec_adder_n_bit_1_19.dqdimacs,447,511,158
./benchmark_tests/afterhqspre/PEC2/pec_adder_n_bit_1_19.dqdimacs,449,511,158
./benchmark_tests/afterhqspre/PEC2/pec_adder_n_bit_1_19.dqdimacs,450,511,158
./benchmark_tests/afterhqspre/PEC2/pec_adder_n_bit_1_19.dqdimacs,451,511,158
./benchmark_tests/afterhqspre/PEC2/pec_adder_n_bit_1_19.dqdimacs,453,511,158
./benchmark_tests/afterhqspre/PEC2/pec_adder_n_bit_1_19.dqdimacs,454,511,158
./benchmark_tests/afterhqspre/PEC2/pec_adder_n_bit_1_19.dqdimacs,455,511,158
./benchmark_tests/afterhqspre/PEC2/pec_adder_n_bit_1_19.dqdimacs,456,511,158
./benchmark_tests/afterhqspre/PEC2/pec_adder_n_bit_1_19.dqdimacs,458,511,158
./benchmark_tests/afterhqspre/PEC2/pec_adder_n_bit_1_19.dqdimacs,459,511,158
./benchmark_tests/afterhqspre/PEC2/pec_adder_n_bit_1_19.dqdimacs,460,511,158
./benchmark_tests/afterhqspre/PEC2/pec_adder_n_bit_1_19.dqdimacs,462,511,158
./benchmark_tests/afterhqspre/PEC2/pec_adder_n_bit_1_19.dqdimacs,463,511,158
./benchmark_tests/afterhqspre/PEC2/pec_adder_n_bit_1_19.dqdimacs,464,511,158
./benchmark_tests/afterhqspre/PEC2/pec_adder_n_bit_1_19.dqdimacs,465,511,158
./benchmark_tests/afterhqspre/PEC2/pec_adder_n_bit_1_19.dqdimacs,466,511,158
./benchmark_tests/afterhqspre/PEC2/pec_adder_n_bit_1_19.dqdimacs,468,511,158
./benchmark_tests/afterhqspre/PEC2/pec_adder_n_bit_1_19.dqdimacs,469,511,158
./benchmark_tests/afterhqspre/PEC2/pec_adder_n_bit_1_19.dqdimacs,470,511,158
./benchmark_tests/afterhqspre/PEC2/pec_adder_n_bit_1_19.dqdimacs,472,511,158
./benchmark_tests/afterhqspre/PEC2/pec_adder_n_bit_1_19.dqdimacs,473,511,158
./benchmark_tests/afterhqspre/PEC2/pec_adder_n_bit_1_19.dqdimacs,474,511,158
./benchmark_tests/afterhqspre/PEC2/pec_adder_n_bit_1_19.dqdimacs,475,511,158
./benchmark_tests/afterhqspre/PEC2/pec_adder_n_bit_1_19.dqdimacs,476,511,158
./benchmark_tests/afterhqspre/PEC2/pec_adder_n_bit_1_19.dqdimacs,478,511,158
./benchmark_tests/afterhqspre/PEC2/pec_adder_n_bit_1_19.dqdimacs,479,511,158
./benchmark_tests/afterhqspre/PEC2/pec_adder_n_bit_1_19.dqdimacs,480,511,158
./benchmark_tests/afterhqspre/PEC2/pec_adder_n_bit_1_19.dqdimacs,482,511,158
./benchmark_tests/afterhqspre/PEC2/pec_adder_n_bit_1_19.dqdimacs,483,511,158
./benchmark_tests/afterhqspre/PEC2/pec_adder_n_bit_1_19.dqdimacs,484,511,158
./benchmark_tests/afterhqspre/PEC2/pec_adder_n_bit_1_19.dqdimacs,485,511,158
./benchmark_tests/afterhqspre/PEC2/pec_adder_n_bit_1_19.dqdimacs,486,511,158
./benchmark_tests/afterhqspre/PEC2/pec_adder_n_bit_1_19.dqdimacs,488,511,158
./benchmark_tests/afterhqspre/PEC2/pec_adder_n_bit_1_19.dqdimacs,489,511,158
./benchmark_tests/afterhqspre/PEC2/pec_adder_n_bit_1_19.dqdimacs,491,511,158
./benchmark_tests/afterhqspre/PEC2/pec_adder_n_bit_1_19.dqdimacs,492,511,158
./benchmark_tests/afterhqspre/PEC2/pec_adder_n_bit_1_19.dqdimacs,493,511,158
./benchmark_tests/afterhqspre/PEC2/pec_adder_n_bit_1_19.dqdimacs,494,511,158
./benchmark_tests/afterhqspre/PEC2/pec_adder_n_bit_1_19.dqdimacs,495,511,158
./benchmark_tests/afterhqspre/PEC2/pec_adder_n_bit_1_19.dqdimacs,497,511,158
./benchmark_tests/afterhqspre/PEC2/pec_adder_n_bit_1_19.dqdimacs,498,511,158
./benchmark_tests/afterhqspre/PEC2/pec_adder_n_bit_1_19.dqdimacs,499,511,158
./benchmark_tests/afterhqspre/PEC2/pec_adder_n_bit_1_19.dqdimacs,501,511,158
./benchmark_tests/afterhqspre/PEC2/pec_adder_n_bit_1_19.dqdimacs,502,511,158
./benchmark_tests/afterhqspre/PEC2/pec_adder_n_bit_1_19.dqdimacs,503,511,158
./benchmark_tests/afterhqspre/PEC2/pec_adder_n_bit_1_19.dqdimacs,504,511,158
./benchmark_tests/afterhqspre/PEC2/pec_adder_n_bit_1_19.dqdimacs,505,511,158
./benchmark_tests/afterhqspre/PEC2/pec_adder_n_bit_1_19.dqdimacs,507,511,158
./benchmark_tests/afterhqspre/PEC2/pec_adder_n_bit_1_19.dqdimacs,508,511,158
./benchmark_tests/afterhqspre/PEC2/pec_adder_n_bit_1_19.dqdimacs,509,511,158
./benchmark_tests/afterhqspre/PEC2/pec_adder_n_bit_1_19.dqdimacs,511,511,158
./benchmark_tests/afterhqspre/PEC2/pec_adder_n_bit_1_19.dqdimacs,512,511,158
./benchmark_tests/afterhqspre/PEC2/pec_adder_n_bit_1_19.dqdimacs,513,511,158
./benchmark_tests/afterhqspre/PEC2/pec_adder_n_bit_1_19.dqdimacs,514,511,158
./benchmark_tests/afterhqspre/PEC2/pec_adder_n_bit_1_19.dqdimacs,515,511,158
./benchmark_tests/afterhqspre/PEC2/pec_adder_n_bit_1_19.dqdimacs,517,511,158
./benchmark_tests/afterhqspre/PEC2/pec_adder_n_bit_1_19.dqdimacs,518,511,158
./benchmark_tests/afterhqspre/PEC2/pec_adder_n_bit_1_19.dqdimacs,519,511,158
./benchmark_tests/afterhqspre/PEC2/pec_adder_n_bit_1_19.dqdimacs,521,511,158
./benchmark_tests/afterhqspre/PEC2/pec_adder_n_bit_1_19.dqdimacs,522,511,158
./benchmark_tests/afterhqspre/PEC2/pec_adder_n_bit_1_19.dqdimacs,523,511,158
./benchmark_tests/afterhqspre/PEC2/pec_adder_n_bit_1_19.dqdimacs,524,511,158
./benchmark_tests/afterhqspre/PEC2/pec_adder_n_bit_1_19.dqdimacs,525,511,158
./benchmark_tests/afterhqspre/PEC2/pec_adder_n_bit_1_19.dqdimacs,527,511,158
./benchmark_tests/afterhqspre/PEC2/pec_adder_n_bit_1_19.dqdimacs,528,511,158
./benchmark_tests/afterhqspre/PEC2/pec_adder_n_bit_1_19.dqdimacs,529,511,158
./benchmark_tests/afterhqspre/PEC2/pec_adder_n_bit_1_19.dqdimacs,531,511,158
./benchmark_tests/afterhqspre/PEC2/pec_adder_n_bit_1_19.dqdimacs,532,511,158
./benchmark_tests/afterhqspre/PEC2/pec_adder_n_bit_1_19.dqdimacs,533,511,158
./benchmark_tests/afterhqspre/PEC2/pec_adder_n_bit_1_19.dqdimacs,534,511,158
./benchmark_tests/afterhqspre/PEC2/pec_adder_n_bit_1_19.dqdimacs,535,511,158
./benchmark_tests/afterhqspre/PEC2/pec_adder_n_bit_1_19.dqdimacs,537,511,158
./benchmark_tests/afterhqspre/PEC2/pec_adder_n_bit_1_19.dqdimacs,538,511,158
./benchmark_tests/afterhqspre/PEC2/pec_adder_n_bit_1_19.dqdimacs,539,511,158
./benchmark_tests/afterhqspre/PEC2/pec_adder_n_bit_1_19.dqdimacs,541,511,158
./benchmark_tests/afterhqspre/PEC2/pec_adder_n_bit_1_19.dqdimacs,542,511,158
./benchmark_tests/afterhqspre/PEC2/pec_adder_n_bit_1_19.dqdimacs,543,511,158
./benchmark_tests/afterhqspre/PEC2/pec_adder_n_bit_1_19.dqdimacs,544,511,158
./benchmark_tests/afterhqspre/PEC2/pec_adder_n_bit_1_19.dqdimacs,545,511,158
./benchmark_tests/afterhqspre/PEC2/pec_adder_n_bit_1_19.dqdimacs,547,511,158
./benchmark_tests/afterhqspre/PEC2/pec_adder_n_bit_1_19.dqdimacs,548,511,158
./benchmark_tests/afterhqspre/PEC2/pec_adder_n_bit_1_19.dqdimacs,549,511,158
./benchmark_tests/afterhqspre/PEC2/pec_adder_n_bit_1_19.dqdimacs,551,511,158
./benchmark_tests/afterhqspre/PEC2/pec_adder_n_bit_1_19.dqdimacs,552,511,158
./benchmark_tests/afterhqspre/PEC2/pec_adder_n_bit_1_19.dqdimacs,553,511,158
./benchmark_tests/afterhqspre/PEC2/pec_adder_n_bit_1_19.dqdimacs,554,511,158
./benchmark_tests/afterhqspre/PEC2/pec_adder_n_bit_1_19.dqdimacs,555,511,158
./benchmark_tests/afterhqspre/PEC2/pec_adder_n_bit_1_19.dqdimacs,557,511,158
./benchmark_tests/afterhqspre/PEC2/pec_adder_n_bit_1_19.dqdimacs,558,511,158
./benchmark_tests/afterhqspre/PEC2/pec_adder_n_bit_1_19.dqdimacs,559,511,158
./benchmark_tests/afterhqspre/PEC2/pec_adder_n_bit_1_19.dqdimacs,561,511,158
./benchmark_tests/afterhqspre/PEC2/pec_adder_n_bit_1_19.dqdimacs,562,511,158
./benchmark_tests/afterhqspre/PEC2/pec_adder_n_bit_1_19.dqdimacs,563,511,158
./benchmark_tests/afterhqspre/PEC2/pec_adder_n_bit_1_19.dqdimacs,564,511,158
./benchmark_tests/afterhqspre/PEC2/pec_adder_n_bit_1_19.dqdimacs,565,511,158
./benchmark_tests/afterhqspre/PEC2/pec_adder_n_bit_1_19.dqdimacs,566,511,158
./benchmark_tests/afterhqspre/PEC2/pec_adder_n_bit_1_19.dqdimacs,567,511,158
./benchmark_tests/afterhqspre/PEC2/pec_adder_n_bit_1_19.dqdimacs,568,511,158
./benchmark_tests/afterhqspre/PEC2/pec_adder_n_bit_1_19.dqdimacs,569,511,158
./benchmark_tests/afterhqspre/PEC2/pec_adder_n_bit_1_19.dqdimacs,570,511,158
./benchmark_tests/afterhqspre/PEC2/pec_adder_n_bit_1_19.dqdimacs,571,511,158
./benchmark_tests/afterhqspre/PEC2/pec_adder_n_bit_1_19.dqdimacs,572,511,158
./benchmark_tests/afterhqspre/PEC2/pec_adder_n_bit_1_19.dqdimacs,573,511,158
./benchmark_tests/afterhqspre/PEC2/pec_adder_n_bit_1_19.dqdimacs,574,511,158
./benchmark_tests/afterhqspre/PEC2/pec_adder_n_bit_1_19.dqdimacs,575,511,158
./benchmark_tests/afterhqspre/PEC2/pec_adder_n_bit_1_19.dqdimacs,576,511,158
./benchmark_tests/afterhqspre/PEC2/pec_adder_n_bit_1_19.dqdimacs,577,511,158
./benchmark_tests/afterhqspre/PEC2/pec_adder_n_bit_1_19.dqdimacs,578,511,158
./benchmark_tests/afterhqspre/PEC2/pec_adder_n_bit_1_19.dqdimacs,579,511,158
./benchmark_tests/afterhqspre/PEC2/pec_adder_n_bit_1_19.dqdimacs,580,511,158
./benchmark_tests/afterhqspre/PEC2/pec_adder_n_bit_1_19.dqdimacs,581,511,158
./benchmark_tests/afterhqspre/PEC2/pec_adder_n_bit_1_19.dqdimacs,582,511,158
./benchmark_tests/afterhqspre/PEC2/pec_adder_n_bit_1_19.dqdimacs,583,511,158
./benchmark_tests/afterhqspre/PEC2/pec_adder_n_bit_1_19.dqdimacs,584,511,158
./benchmark_tests/afterhqspre/PEC2/pec_adder_n_bit_1_19.dqdimacs,585,511,158
./benchmark_tests/afterhqspre/PEC2/pec_adder_n_bit_1_19.dqdimacs,586,511,158
./benchmark_tests/afterhqspre/PEC2/pec_adder_n_bit_1_19.dqdimacs,587,511,158
./benchmark_tests/afterhqspre/PEC2/pec_adder_n_bit_1_19.dqdimacs,588,511,158
./benchmark_tests/afterhqspre/PEC2/pec_adder_n_bit_1_19.dqdimacs,589,511,158
./benchmark_tests/afterhqspre/PEC2/pec_adder_n_bit_1_19.dqdimacs,590,511,158
./benchmark_tests/afterhqspre/PEC2/pec_adder_n_bit_1_19.dqdimacs,591,511,158
./benchmark_tests/afterhqspre/PEC2/pec_adder_n_bit_1_19.dqdimacs,592,511,158
./benchmark_tests/afterhqspre/PEC2/pec_adder_n_bit_1_19.dqdimacs,593,511,158
./benchmark_tests/afterhqspre/PEC2/pec_adder_n_bit_1_19.dqdimacs,594,511,158
./benchmark_tests/afterhqspre/PEC2/pec_adder_n_bit_1_19.dqdimacs,595,511,158
./benchmark_tests/afterhqspre/PEC2/pec_adder_n_bit_1_19.dqdimacs,596,511,158
./benchmark_tests/afterhqspre/PEC2/pec_adder_n_bit_1_19.dqdimacs,597,511,158
./benchmark_tests/afterhqspre/PEC2/pec_adder_n_bit_1_19.dqdimacs,598,511,158
./benchmark_tests/afterhqspre/PEC2/pec_adder_n_bit_1_19.dqdimacs,599,511,158
./benchmark_tests/afterhqspre/PEC2/pec_adder_n_bit_1_19.dqdimacs,600,511,158
./benchmark_tests/afterhqspre/PEC2/pec_adder_n_bit_1_19.dqdimacs,601,511,158
./benchmark_tests/afterhqspre/PEC2/pec_adder_n_bit_1_19.dqdimacs,602,511,158
./benchmark_tests/afterhqspre/PEC2/pec_adder_n_bit_1_19.dqdimacs,603,511,158
./benchmark_tests/afterhqspre/PEC2/pec_adder_n_bit_1_19.dqdimacs,604,511,158
./benchmark_tests/afterhqspre/PEC2/pec_adder_n_bit_1_19.dqdimacs,605,511,158
./benchmark_tests/afterhqspre/PEC2/pec_adder_n_bit_1_19.dqdimacs,606,511,158
./benchmark_tests/afterhqspre/PEC2/pec_adder_n_bit_1_19.dqdimacs,607,511,158
./benchmark_tests/afterhqspre/PEC2/pec_adder_n_bit_1_19.dqdimacs,608,511,158
./benchmark_tests/afterhqspre/PEC2/pec_adder_n_bit_1_19.dqdimacs,609,511,158
./benchmark_tests/afterhqspre/PEC2/pec_adder_n_bit_1_19.dqdimacs,610,511,158
./benchmark_tests/afterhqspre/PEC2/pec_adder_n_bit_1_19.dqdimacs,611,511,158
./benchmark_tests/afterhqspre/PEC2/pec_adder_n_bit_1_19.dqdimacs,612,511,158
./benchmark_tests/afterhqspre/PEC2/pec_adder_n_bit_1_19.dqdimacs,613,511,158
./benchmark_tests/afterhqspre/PEC2/pec_adder_n_bit_1_19.dqdimacs,614,511,158
./benchmark_tests/afterhqspre/PEC2/pec_adder_n_bit_1_19.dqdimacs,615,511,158
./benchmark_tests/afterhqspre/PEC2/pec_adder_n_bit_1_19.dqdimacs,616,511,158
./benchmark_tests/afterhqspre/PEC2/pec_adder_n_bit_1_19.dqdimacs,617,511,158
./benchmark_tests/afterhqspre/PEC2/pec_adder_n_bit_1_19.dqdimacs,618,511,158
./benchmark_tests/afterhqspre/PEC2/pec_adder_n_bit_1_19.dqdimacs,619,511,158
./benchmark_tests/afterhqspre/PEC2/pec_adder_n_bit_1_19.dqdimacs,620,511,158
./benchmark_tests/afterhqspre/PEC2/pec_adder_n_bit_1_19.dqdimacs,621,511,158
./benchmark_tests/afterhqspre/PEC2/pec_adder_n_bit_1_19.dqdimacs,622,511,158
./benchmark_tests/afterhqspre/PEC2/pec_adder_n_bit_1_19.dqdimacs,623,511,158
./benchmark_tests/afterhqspre/PEC2/pec_adder_n_bit_1_19.dqdimacs,624,511,158
./benchmark_tests/afterhqspre/PEC2/pec_adder_n_bit_1_19.dqdimacs,625,511,158
./benchmark_tests/afterhqspre/PEC2/pec_adder_n_bit_1_19.dqdimacs,626,511,158
./benchmark_tests/afterhqspre/PEC2/pec_adder_n_bit_1_19.dqdimacs,627,511,158
./benchmark_tests/afterhqspre/PEC2/pec_adder_n_bit_1_19.dqdimacs,628,511,158
./benchmark_tests/afterhqspre/PEC2/pec_adder_n_bit_1_19.dqdimacs,629,511,158
./benchmark_tests/afterhqspre/PEC2/pec_adder_n_bit_1_19.dqdimacs,630,511,158
./benchmark_tests/afterhqspre/PEC2/pec_adder_n_bit_1_19.dqdimacs,631,511,158
./benchmark_tests/afterhqspre/PEC2/pec_adder_n_bit_1_19.dqdimacs,632,511,158
./benchmark_tests/afterhqspre/PEC2/pec_adder_n_bit_1_19.dqdimacs,633,511,158
./benchmark_tests/afterhqspre/PEC2/pec_adder_n_bit_1_19.dqdimacs,634,511,158
./benchmark_tests/afterhqspre/PEC2/pec_adder_n_bit_1_19.dqdimacs,635,511,158
./benchmark_tests/afterhqspre/PEC2/pec_adder_n_bit_1_19.dqdimacs,636,511,158
./benchmark_tests/afterhqspre/PEC2/pec_adder_n_bit_1_19.dqdimacs,637,511,158
./benchmark_tests/afterhqspre/PEC2/pec_adder_n_bit_1_19.dqdimacs,638,511,158
./benchmark_tests/afterhqspre/PEC2/pec_adder_n_bit_1_19.dqdimacs,639,511,158
./benchmark_tests/afterhqspre/PEC2/pec_adder_n_bit_1_19.dqdimacs,640,511,158
./benchmark_tests/afterhqspre/PEC2/pec_adder_n_bit_1_19.dqdimacs,641,511,158
./benchmark_tests/afterhqspre/PEC2/pec_adder_n_bit_1_19.dqdimacs,642,511,158
./benchmark_tests/afterhqspre/PEC2/pec_adder_n_bit_1_19.dqdimacs,643,511,158
./benchmark_tests/afterhqspre/PEC2/pec_adder_n_bit_1_19.dqdimacs,644,511,158
./benchmark_tests/afterhqspre/PEC2/pec_adder_n_bit_1_19.dqdimacs,645,511,158
./benchmark_tests/afterhqspre/PEC2/pec_adder_n_bit_1_19.dqdimacs,646,511,158
./benchmark_tests/afterhqspre/PEC2/pec_adder_n_bit_1_19.dqdimacs,647,511,158
./benchmark_tests/afterhqspre/PEC2/pec_adder_n_bit_1_19.dqdimacs,648,511,158
./benchmark_tests/afterhqspre/PEC2/pec_adder_n_bit_1_19.dqdimacs,649,511,158
./benchmark_tests/afterhqspre/PEC2/pec_adder_n_bit_1_19.dqdimacs,650,511,158
./benchmark_tests/afterhqspre/PEC2/pec_adder_n_bit_1_19.dqdimacs,651,511,158
./benchmark_tests/afterhqspre/PEC2/pec_adder_n_bit_1_19.dqdimacs,652,511,158
./benchmark_tests/afterhqspre/PEC2/pec_adder_n_bit_1_19.dqdimacs,653,511,158
./benchmark_tests/afterhqspre/PEC2/pec_adder_n_bit_1_19.dqdimacs,654,511,158
./benchmark_tests/afterhqspre/PEC2/pec_adder_n_bit_1_19.dqdimacs,655,511,158
./benchmark_tests/afterhqspre/PEC2/pec_adder_n_bit_1_19.dqdimacs,656,511,158
./benchmark_tests/afterhqspre/PEC2/pec_adder_n_bit_1_19.dqdimacs,657,511,158
./benchmark_tests/afterhqspre/PEC2/pec_adder_n_bit_1_19.dqdimacs,658,511,158
./benchmark_tests/afterhqspre/PEC2/pec_adder_n_bit_1_19.dqdimacs,659,511,158
./benchmark_tests/afterhqspre/PEC2/pec_adder_n_bit_1_19.dqdimacs,660,511,158
./benchmark_tests/afterhqspre/PEC2/pec_adder_n_bit_1_19.dqdimacs,661,511,158
./benchmark_tests/afterhqspre/PEC2/pec_adder_n_bit_1_19.dqdimacs,662,511,158
./benchmark_tests/afterhqspre/PEC2/pec_adder_n_bit_1_19.dqdimacs,663,511,158
./benchmark_tests/afterhqspre/PEC2/pec_adder_n_bit_1_19.dqdimacs,664,511,158
./benchmark_tests/afterhqspre/PEC2/pec_adder_n_bit_1_19.dqdimacs,665,511,158
./benchmark_tests/afterhqspre/PEC2/pec_adder_n_bit_1_19.dqdimacs,666,511,158
./benchmark_tests/afterhqspre/PEC2/pec_adder_n_bit_1_19.dqdimacs,667,511,158
./benchmark_tests/afterhqspre/PEC2/pec_adder_n_bit_1_19.dqdimacs,668,511,158
./benchmark_tests/afterhqspre/PEC2/pec_adder_n_bit_1_19.dqdimacs,669,511,158
./benchmark_tests/afterhqspre/PEC2/pec_adder_n_bit_1_19.dqdimacs,670,511,158
./benchmark_tests/afterhqspre/PEC2/pec_adder_n_bit_1_19.dqdimacs,671,511,158
./benchmark_tests/afterhqspre/PEC2/pec_adder_n_bit_1_19.dqdimacs,672,511,158
./benchmark_tests/afterhqspre/PEC2/pec_adder_n_bit_1_19.dqdimacs,673,511,158
./benchmark_tests/afterhqspre/PEC2/pec_adder_n_bit_1_19.dqdimacs,674,511,158
./benchmark_tests/afterhqspre/PEC2/pec_adder_n_bit_1_19.dqdimacs,675,511,158
./benchmark_tests/afterhqspre/PEC2/pec_adder_n_bit_1_19.dqdimacs,676,511,158
./benchmark_tests/afterhqspre/PEC2/pec_adder_n_bit_1_19.dqdimacs,677,511,158
./benchmark_tests/afterhqspre/PEC2/pec_adder_n_bit_1_19.dqdimacs,678,511,158
./benchmark_tests/afterhqspre/PEC2/pec_adder_n_bit_1_19.dqdimacs,679,511,158
./benchmark_tests/afterhqspre/PEC2/pec_adder_n_bit_1_19.dqdimacs,680,511,158
./benchmark_tests/afterhqspre/PEC2/pec_adder_n_bit_1_19.dqdimacs,681,511,158
./benchmark_tests/afterhqspre/PEC2/pec_adder_n_bit_1_19.dqdimacs,682,511,158
./benchmark_tests/afterhqspre/PEC2/pec_adder_n_bit_1_19.dqdimacs,683,511,158
./benchmark_tests/afterhqspre/PEC2/pec_adder_n_bit_1_19.dqdimacs,684,511,158
./benchmark_tests/afterhqspre/PEC2/pec_adder_n_bit_1_19.dqdimacs,685,511,158
./benchmark_tests/afterhqspre/PEC2/pec_adder_n_bit_1_19.dqdimacs,686,511,158
./benchmark_tests/afterhqspre/PEC2/pec_adder_n_bit_1_19.dqdimacs,687,511,158
./benchmark_tests/afterhqspre/PEC2/pec_adder_n_bit_1_19.dqdimacs,688,511,158
./benchmark_tests/afterhqspre/PEC2/pec_adder_n_bit_1_19.dqdimacs,689,511,158
./benchmark_tests/afterhqspre/PEC2/pec_adder_n_bit_1_19.dqdimacs,690,511,158
./benchmark_tests/afterhqspre/PEC2/pec_adder_n_bit_1_19.dqdimacs,691,511,158
./benchmark_tests/afterhqspre/PEC2/pec_adder_n_bit_1_19.dqdimacs,692,511,158
./benchmark_tests/afterhqspre/PEC2/pec_adder_n_bit_1_19.dqdimacs,693,511,158
./benchmark_tests/afterhqspre/PEC2/pec_adder_n_bit_1_19.dqdimacs,694,511,158
./benchmark_tests/afterhqspre/PEC2/pec_adder_n_bit_1_19.dqdimacs,695,511,158
./benchmark_tests/afterhqspre/PEC2/pec_adder_n_bit_1_19.dqdimacs,696,511,158
./benchmark_tests/afterhqspre/PEC2/pec_adder_n_bit_1_19.dqdimacs,697,511,158
./benchmark_tests/afterhqspre/PEC2/pec_adder_n_bit_1_19.dqdimacs,698,511,158
./benchmark_tests/afterhqspre/PEC2/pec_adder_n_bit_1_19.dqdimacs,699,511,158
./benchmark_tests/afterhqspre/PEC2/pec_adder_n_bit_1_19.dqdimacs,700,511,158
./benchmark_tests/afterhqspre/PEC2/pec_multiplexer_3_18.dqdimacs,129,84,3
./benchmark_tests/afterhqspre/PEC2/pec_multiplexer_3_18.dqdimacs,133,84,18
./benchmark_tests/afterhqspre/PEC2/pec_multiplexer_3_18.dqdimacs,155,84,18
./benchmark_tests/afterhqspre/PEC2/pec_multiplexer_3_18.dqdimacs,3,84,19
./benchmark_tests/afterhqspre/PEC2/pec_multiplexer_3_18.dqdimacs,8,84,19
./benchmark_tests/afterhqspre/PEC2/pec_multiplexer_3_18.dqdimacs,10,84,19
./benchmark_tests/afterhqspre/PEC2/pec_multiplexer_3_18.dqdimacs,19,84,19
./benchmark_tests/afterhqspre/PEC2/pec_multiplexer_3_18.dqdimacs,21,84,19
./benchmark_tests/afterhqspre/PEC2/pec_multiplexer_3_18.dqdimacs,23,84,19
./benchmark_tests/afterhqspre/PEC2/pec_multiplexer_3_18.dqdimacs,25,84,19
./benchmark_tests/afterhqspre/PEC2/pec_multiplexer_3_18.dqdimacs,27,84,19
./benchmark_tests/afterhqspre/PEC2/pec_multiplexer_3_18.dqdimacs,29,84,19
./benchmark_tests/afterhqspre/PEC2/pec_multiplexer_3_18.dqdimacs,31,84,19
./benchmark_tests/afterhqspre/PEC2/pec_multiplexer_3_18.dqdimacs,33,84,19
./benchmark_tests/afterhqspre/PEC2/pec_multiplexer_3_18.dqdimacs,35,84,19
./benchmark_tests/afterhqspre/PEC2/pec_multiplexer_3_18.dqdimacs,37,84,19
./benchmark_tests/afterhqspre/PEC2/pec_multiplexer_3_18.dqdimacs,39,84,19
./benchmark_tests/afterhqspre/PEC2/pec_multiplexer_3_18.dqdimacs,41,84,19
./benchmark_tests/afterhqspre/PEC2/pec_multiplexer_3_18.dqdimacs,43,84,19
./benchmark_tests/afterhqspre/PEC2/pec_multiplexer_3_18.dqdimacs,45,84,19
./benchmark_tests/afterhqspre/PEC2/pec_multiplexer_3_18.dqdimacs,47,84,19
./benchmark_tests/afterhqspre/PEC2/pec_multiplexer_3_18.dqdimacs,49,84,19
./benchmark_tests/afterhqspre/PEC2/pec_multiplexer_3_18.dqdimacs,51,84,19
./benchmark_tests/afterhqspre/PEC2/pec_multiplexer_3_18.dqdimacs,53,84,19
./benchmark_tests/afterhqspre/PEC2/pec_multiplexer_3_18.dqdimacs,55,84,19
./benchmark_tests/afterhqspre/PEC2/pec_multiplexer_3_18.dqdimacs,57,84,19
./benchmark_tests/afterhqspre/PEC2/pec_multiplexer_3_18.dqdimacs,59,84,19
./benchmark_tests/afterhqspre/PEC2/pec_multiplexer_3_18.dqdimacs,61,84,19
./benchmark_tests/afterhqspre/PEC2/pec_multiplexer_3_18.dqdimacs,63,84,19
./benchmark_tests/afterhqspre/PEC2/pec_multiplexer_3_18.dqdimacs,65,84,19
./benchmark_tests/afterhqspre/PEC2/pec_multiplexer_3_18.dqdimacs,72,84,19
./benchmark_tests/afterhqspre/PEC2/pec_multiplexer_3_18.dqdimacs,74,84,19
./benchmark_tests/afterhqspre/PEC2/pec_multiplexer_3_18.dqdimacs,76,84,19
./benchmark_tests/afterhqspre/PEC2/pec_multiplexer_3_18.dqdimacs,78,84,19
./benchmark_tests/afterhqspre/PEC2/pec_multiplexer_3_18.dqdimacs,80,84,19
./benchmark_tests/afterhqspre/PEC2/pec_multiplexer_3_18.dqdimacs,82,84,19
./benchmark_tests/afterhqspre/PEC2/pec_multiplexer_3_18.dqdimacs,84,84,19
./benchmark_tests/afterhqspre/PEC2/pec_multiplexer_3_18.dqdimacs,86,84,19
./benchmark_tests/afterhqspre/PEC2/pec_multiplexer_3_18.dqdimacs,88,84,19
./benchmark_tests/afterhqspre/PEC2/pec_multiplexer_3_18.dqdimacs,90,84,19
./benchmark_tests/afterhqspre/PEC2/pec_multiplexer_3_18.dqdimacs,92,84,19
./benchmark_tests/afterhqspre/PEC2/pec_multiplexer_3_18.dqdimacs,94,84,19
./benchmark_tests/afterhqspre/PEC2/pec_multiplexer_3_18.dqdimacs,96,84,19
./benchmark_tests/afterhqspre/PEC2/pec_multiplexer_3_18.dqdimacs,98,84,19
./benchmark_tests/afterhqspre/PEC2/pec_multiplexer_3_18.dqdimacs,104,84,19
./benchmark_tests/afterhqspre/PEC2/pec_multiplexer_3_18.dqdimacs,106,84,19
./benchmark_tests/afterhqspre/PEC2/pec_multiplexer_3_18.dqdimacs,108,84,19
./benchmark_tests/afterhqspre/PEC2/pec_multiplexer_3_18.dqdimacs,111,84,19
./benchmark_tests/afterhqspre/PEC2/pec_multiplexer_3_18.dqdimacs,113,84,19
./benchmark_tests/afterhqspre/PEC2/pec_multiplexer_3_18.dqdimacs,115,84,19
./benchmark_tests/afterhqspre/PEC2/pec_multiplexer_3_18.dqdimacs,117,84,19
./benchmark_tests/afterhqspre/PEC2/pec_multiplexer_3_18.dqdimacs,119,84,19
./benchmark_tests/afterhqspre/PEC2/pec_multiplexer_3_18.dqdimacs,121,84,19
./benchmark_tests/afterhqspre/PEC2/pec_multiplexer_3_18.dqdimacs,123,84,19
./benchmark_tests/afterhqspre/PEC2/pec_multiplexer_3_18.dqdimacs,125,84,19
./benchmark_tests/afterhqspre/PEC2/pec_multiplexer_3_18.dqdimacs,127,84,19
./benchmark_tests/afterhqspre/PEC2/pec_multiplexer_3_18.dqdimacs,135,84,19
./benchmark_tests/afterhqspre/PEC2/pec_multiplexer_3_18.dqdimacs,140,84,19
./benchmark_tests/afterhqspre/PEC2/pec_multiplexer_3_18.dqdimacs,145,84,19
./benchmark_tests/afterhqspre/PEC2/pec_multiplexer_3_18.dqdimacs,147,84,19
./benchmark_tests/afterhqspre/PEC2/pec_multiplexer_3_18.dqdimacs,149,84,19
./benchmark_tests/afterhqspre/PEC2/pec_multiplexer_3_18.dqdimacs,151,84,19
./benchmark_tests/afterhqspre/PEC2/pec_multiplexer_3_18.dqdimacs,154,84,19
./benchmark_tests/afterhqspre/PEC2/pec_multiplexer_3_18.dqdimacs,157,84,19
./benchmark_tests/afterhqspre/PEC2/pec_multiplexer_3_18.dqdimacs,159,84,19
./benchmark_tests/afterhqspre/PEC2/pec_multiplexer_3_18.dqdimacs,160,84,19
./benchmark_tests/afterhqspre/PEC2/pec_multiplexer_3_18.dqdimacs,161,84,19
./benchmark_tests/afterhqspre/PEC2/pec_multiplexer_3_18.dqdimacs,162,84,19
./benchmark_tests/afterhqspre/PEC2/pec_multiplexer_3_18.dqdimacs,163,84,19
./benchmark_tests/afterhqspre/PEC2/pec_multiplexer_3_18.dqdimacs,164,84,19
./benchmark_tests/afterhqspre/PEC2/pec_multiplexer_3_18.dqdimacs,165,84,19
./benchmark_tests/afterhqspre/PEC2/pec_multiplexer_3_18.dqdimacs,166,84,19
./benchmark_tests/afterhqspre/PEC2/pec_multiplexer_3_18.dqdimacs,168,84,19
./benchmark_tests/afterhqspre/PEC2/pec_multiplexer_3_18.dqdimacs,169,84,19
./benchmark_tests/afterhqspre/PEC2/pec_multiplexer_3_18.dqdimacs,170,84,19
./benchmark_tests/afterhqspre/PEC2/pec_multiplexer_3_18.dqdimacs,171,84,19
./benchmark_tests/afterhqspre/PEC2/pec_multiplexer_3_18.dqdimacs,172,84,19
./benchmark_tests/afterhqspre/PEC2/pec_multiplexer_3_18.dqdimacs,173,84,19
./benchmark_tests/afterhqspre/PEC2/pec_multiplexer_3_18.dqdimacs,174,84,19
./benchmark_tests/afterhqspre/PEC2/pec_multiplexer_3_18.dqdimacs,175,84,19
./benchmark_tests/afterhqspre/PEC2/pec_multiplexer_3_18.dqdimacs,176,84,19
./benchmark_tests/afterhqspre/PEC2/pec_multiplexer_3_18.dqdimacs,177,84,19
./benchmark_tests/afterhqspre/PEC2/pec_multiplexer_3_18.dqdimacs,178,84,19
./benchmark_tests/afterhqspre/PEC2/pec_multiplexer_3_18.dqdimacs,179,84,19
./benchmark_tests/afterhqspre/PEC2/pec_multiplexer_3_18.dqdimacs,180,84,19
./benchmark_tests/afterhqspre/PEC2/pec_multiplexer_3_11.dqdimacs,114,86,25
./benchmark_tests/afterhqspre/PEC2/pec_multiplexer_3_11.dqdimacs,133,86,11
./benchmark_tests/afterhqspre/PEC2/pec_multiplexer_3_11.dqdimacs,156,86,11
./benchmark_tests/afterhqspre/PEC2/pec_multiplexer_3_11.dqdimacs,3,86,26
./benchmark_tests/afterhqspre/PEC2/pec_multiplexer_3_11.dqdimacs,9,86,26
./benchmark_tests/afterhqspre/PEC2/pec_multiplexer_3_11.dqdimacs,17,86,26
./benchmark_tests/afterhqspre/PEC2/pec_multiplexer_3_11.dqdimacs,19,86,26
./benchmark_tests/afterhqspre/PEC2/pec_multiplexer_3_11.dqdimacs,21,86,26
./benchmark_tests/afterhqspre/PEC2/pec_multiplexer_3_11.dqdimacs,23,86,26
./benchmark_tests/afterhqspre/PEC2/pec_multiplexer_3_11.dqdimacs,25,86,26
./benchmark_tests/afterhqspre/PEC2/pec_multiplexer_3_11.dqdimacs,27,86,26
./benchmark_tests/afterhqspre/PEC2/pec_multiplexer_3_11.dqdimacs,29,86,26
./benchmark_tests/afterhqspre/PEC2/pec_multiplexer_3_11.dqdimacs,31,86,26
./benchmark_tests/afterhqspre/PEC2/pec_multiplexer_3_11.dqdimacs,33,86,26
./benchmark_tests/afterhqspre/PEC2/pec_multiplexer_3_11.dqdimacs,35,86,26
./benchmark_tests/afterhqspre/PEC2/pec_multiplexer_3_11.dqdimacs,37,86,26
./benchmark_tests/afterhqspre/PEC2/pec_multiplexer_3_11.dqdimacs,39,86,26
./benchmark_tests/afterhqspre/PEC2/pec_multiplexer_3_11.dqdimacs,41,86,26
./benchmark_tests/afterhqspre/PEC2/pec_multiplexer_3_11.dqdimacs,43,86,26
./benchmark_tests/afterhqspre/PEC2/pec_multiplexer_3_11.dqdimacs,45,86,26
./benchmark_tests/afterhqspre/PEC2/pec_multiplexer_3_11.dqdimacs,47,86,26
./benchmark_tests/afterhqspre/PEC2/pec_multiplexer_3_11.dqdimacs,49,86,26
./benchmark_tests/afterhqspre/PEC2/pec_multiplexer_3_11.dqdimacs,51,86,26
./benchmark_tests/afterhqspre/PEC2/pec_multiplexer_3_11.dqdimacs,56,86,26
./benchmark_tests/afterhqspre/PEC2/pec_multiplexer_3_11.dqdimacs,58,86,26
./benchmark_tests/afterhqspre/PEC2/pec_multiplexer_3_11.dqdimacs,60,86,26
./benchmark_tests/afterhqspre/PEC2/pec_multiplexer_3_11.dqdimacs,62,86,26
./benchmark_tests/afterhqspre/PEC2/pec_multiplexer_3_11.dqdimacs,64,86,26
./benchmark_tests/afterhqspre/PEC2/pec_multiplexer_3_11.dqdimacs,66,86,26
./benchmark_tests/afterhqspre/PEC2/pec_multiplexer_3_11.dqdimacs,68,86,26
./benchmark_tests/afterhqspre/PEC2/pec_multiplexer_3_11.dqdimacs,70,86,26
./benchmark_tests/afterhqspre/PEC2/pec_multiplexer_3_11.dqdimacs,72,86,26
./benchmark_tests/afterhqspre/PEC2/pec_multiplexer_3_11.dqdimacs,74,86,26
./benchmark_tests/afterhqspre/PEC2/pec_multiplexer_3_11.dqdimacs,76,86,26
./benchmark_tests/afterhqspre/PEC2/pec_multiplexer_3_11.dqdimacs,78,86,26
./benchmark_tests/afterhqspre/PEC2/pec_multiplexer_3_11.dqdimacs,80,86,26
./benchmark_tests/afterhqspre/PEC2/pec_multiplexer_3_11.dqdimacs,82,86,26
./benchmark_tests/afterhqspre/PEC2/pec_multiplexer_3_11.dqdimacs,84,86,26
./benchmark_tests/afterhqspre/PEC2/pec_multiplexer_3_11.dqdimacs,86,86,26
./benchmark_tests/afterhqspre/PEC2/pec_multiplexer_3_11.dqdimacs,88,86,26
./benchmark_tests/afterhqspre/PEC2/pec_multiplexer_3_11.dqdimacs,90,86,26
./benchmark_tests/afterhqspre/PEC2/pec_multiplexer_3_11.dqdimacs,92,86,26
./benchmark_tests/afterhqspre/PEC2/pec_multiplexer_3_11.dqdimacs,94,86,26
./benchmark_tests/afterhqspre/PEC2/pec_multiplexer_3_11.dqdimacs,96,86,26
./benchmark_tests/afterhqspre/PEC2/pec_multiplexer_3_11.dqdimacs,98,86,26
./benchmark_tests/afterhqspre/PEC2/pec_multiplexer_3_11.dqdimacs,100,86,26
./benchmark_tests/afterhqspre/PEC2/pec_multiplexer_3_11.dqdimacs,102,86,26
./benchmark_tests/afterhqspre/PEC2/pec_multiplexer_3_11.dqdimacs,107,86,26
./benchmark_tests/afterhqspre/PEC2/pec_multiplexer_3_11.dqdimacs,109,86,26
./benchmark_tests/afterhqspre/PEC2/pec_multiplexer_3_11.dqdimacs,111,86,26
./benchmark_tests/afterhqspre/PEC2/pec_multiplexer_3_11.dqdimacs,117,86,26
./benchmark_tests/afterhqspre/PEC2/pec_multiplexer_3_11.dqdimacs,120,86,26
./benchmark_tests/afterhqspre/PEC2/pec_multiplexer_3_11.dqdimacs,122,86,26
./benchmark_tests/afterhqspre/PEC2/pec_multiplexer_3_11.dqdimacs,124,86,26
./benchmark_tests/afterhqspre/PEC2/pec_multiplexer_3_11.dqdimacs,126,86,26
./benchmark_tests/afterhqspre/PEC2/pec_multiplexer_3_11.dqdimacs,128,86,26
./benchmark_tests/afterhqspre/PEC2/pec_multiplexer_3_11.dqdimacs,130,86,26
./benchmark_tests/afterhqspre/PEC2/pec_multiplexer_3_11.dqdimacs,137,86,26
./benchmark_tests/afterhqspre/PEC2/pec_multiplexer_3_11.dqdimacs,142,86,26
./benchmark_tests/afterhqspre/PEC2/pec_multiplexer_3_11.dqdimacs,145,86,26
./benchmark_tests/afterhqspre/PEC2/pec_multiplexer_3_11.dqdimacs,148,86,26
./benchmark_tests/afterhqspre/PEC2/pec_multiplexer_3_11.dqdimacs,150,86,26
./benchmark_tests/afterhqspre/PEC2/pec_multiplexer_3_11.dqdimacs,152,86,26
./benchmark_tests/afterhqspre/PEC2/pec_multiplexer_3_11.dqdimacs,154,86,26
./benchmark_tests/afterhqspre/PEC2/pec_multiplexer_3_11.dqdimacs,158,86,26
./benchmark_tests/afterhqspre/PEC2/pec_multiplexer_3_11.dqdimacs,160,86,26
./benchmark_tests/afterhqspre/PEC2/pec_multiplexer_3_11.dqdimacs,162,86,26
./benchmark_tests/afterhqspre/PEC2/pec_multiplexer_3_11.dqdimacs,163,86,26
./benchmark_tests/afterhqspre/PEC2/pec_multiplexer_3_11.dqdimacs,164,86,26
./benchmark_tests/afterhqspre/PEC2/pec_multiplexer_3_11.dqdimacs,165,86,26
./benchmark_tests/afterhqspre/PEC2/pec_multiplexer_3_11.dqdimacs,166,86,26
./benchmark_tests/afterhqspre/PEC2/pec_multiplexer_3_11.dqdimacs,167,86,26
./benchmark_tests/afterhqspre/PEC2/pec_multiplexer_3_11.dqdimacs,168,86,26
./benchmark_tests/afterhqspre/PEC2/pec_multiplexer_3_11.dqdimacs,169,86,26
./benchmark_tests/afterhqspre/PEC2/pec_multiplexer_3_11.dqdimacs,170,86,26
./benchmark_tests/afterhqspre/PEC2/pec_multiplexer_3_11.dqdimacs,171,86,26
./benchmark_tests/afterhqspre/PEC2/pec_multiplexer_3_11.dqdimacs,172,86,26
./benchmark_tests/afterhqspre/PEC2/pec_multiplexer_3_11.dqdimacs,173,86,26
./benchmark_tests/afterhqspre/PEC2/pec_multiplexer_3_11.dqdimacs,174,86,26
./benchmark_tests/afterhqspre/PEC2/pec_multiplexer_3_11.dqdimacs,175,86,26
./benchmark_tests/afterhqspre/PEC2/pec_multiplexer_3_11.dqdimacs,176,86,26
./benchmark_tests/afterhqspre/PEC2/pec_multiplexer_3_11.dqdimacs,177,86,26
./benchmark_tests/afterhqspre/PEC2/pec_multiplexer_3_11.dqdimacs,178,86,26
./benchmark_tests/afterhqspre/PEC2/pec_multiplexer_3_11.dqdimacs,179,86,26
./benchmark_tests/afterhqspre/PEC2/pec_multiplexer_3_11.dqdimacs,180,86,26
./benchmark_tests/afterhqspre/PEC2/pec_multiplexer_3_11.dqdimacs,181,86,26
./benchmark_tests/afterhqspre/PEC2/pec_multiplexer_3_11.dqdimacs,182,86,26
